minute,webe_count,actigraph_SW,model_pred_SW
2026-05-16 22:00:00,630364.2919240353,S,W
2026-05-16 22:01:00,2989463.914330616,S,W
2026-05-16 22:02:00,3935712.2311218833,S,W
2026-05-16 22:03:00,1095339.8785395697,S,W
2026-05-16 22:04:00,4400674.876614906,S,W
2026-05-16 22:05:00,1163947.3500283684,S,W
2026-05-16 22:07:00,3765842.448076237,W,W
2026-05-16 22:08:00,906321.1035960942,W,W
2026-05-16 22:09:00,822483.2367607388,W,W
2026-05-16 22:10:00,1467938.3115712786,W,W
2026-05-16 22:11:00,2353879.830000498,W,W
2026-05-16 22:12:00,89662.81546519736,W,W
2026-05-16 22:13:00,82936.69955639332,W,W
2026-05-16 22:14:00,106666.03267520852,W,W
2026-05-16 22:15:00,15948.474341258428,W,W
2026-05-16 22:16:00,35382.44568256374,S,W
2026-05-16 22:17:00,21109.128385752963,S,W
2026-05-16 22:18:00,49561.38247397776,S,W
2026-05-16 22:19:00,15116.988268672088,S,W
2026-05-16 22:20:00,828106.0726093934,W,W
2026-05-16 22:21:00,477763.9341939463,W,W
2026-05-16 22:22:00,185544.5921201682,W,W
2026-05-16 22:23:00,6655286.192598937,W,W
2026-05-16 22:24:00,12266580.69155294,W,W
2026-05-16 22:25:00,10376762.930189371,W,W
2026-05-16 22:26:00,4438709.926616919,W,W
2026-05-16 22:27:00,8238.784699584023,W,S
2026-05-16 22:28:00,9016713.456882622,W,W
2026-05-16 22:29:00,820394.8141471356,W,W
2026-05-16 22:30:00,8764530.270423716,W,W
2026-05-16 22:31:00,8623786.162541987,W,W
2026-05-16 22:32:00,4671129.571924986,W,W
2026-05-16 22:33:00,2125681.068969342,W,W
2026-05-16 22:34:00,5327152.867973617,W,W
2026-05-16 22:35:00,4922146.725641822,W,W
2026-05-16 22:36:00,4558605.922693246,W,W
2026-05-16 22:37:00,1828503.83014852,W,W
2026-05-16 22:38:00,6166363.849414722,W,W
2026-05-16 22:39:00,7649106.009475168,W,W
2026-05-16 22:40:00,215697.1998522301,W,W
2026-05-16 22:41:00,1743381.2287428754,W,W
2026-05-16 22:42:00,576210.9895890562,W,W
2026-05-16 22:43:00,686984.7208359445,W,W
2026-05-16 22:44:00,1745221.4357215364,W,W
2026-05-16 22:45:00,1438526.4102017074,W,W
2026-05-16 22:46:00,3960022.111911939,W,W
2026-05-16 22:47:00,1437319.451037743,W,W
2026-05-16 22:48:00,3797.0567069089593,W,S
2026-05-16 22:49:00,3938.172977677968,W,S
2026-05-16 22:50:00,1740911.1844373285,W,W
2026-05-16 22:51:00,131532.39239677103,S,W
2026-05-16 22:52:00,260509.2098765655,S,W
2026-05-16 22:53:00,930069.6868442064,S,W
2026-05-16 22:54:00,1428.882953927634,S,S
2026-05-16 22:55:00,2037.014397851657,S,S
2026-05-16 22:56:00,1344.0307389608788,S,S
2026-05-16 22:57:00,2122.6187601606944,S,S
2026-05-16 22:58:00,453078.63151218113,S,W
2026-05-16 22:59:00,3311.5757580415084,S,S
2026-05-16 23:00:00,1520459.7158373797,S,W
2026-05-16 23:01:00,5060.661592138276,S,S
2026-05-16 23:02:00,3632.88455416236,W,S
2026-05-16 23:03:00,141579.17936856608,W,W
2026-05-16 23:04:00,6695584.39714512,W,W
2026-05-16 23:05:00,4909795.46196708,W,W
2026-05-16 23:06:00,923959.1602428271,W,W
2026-05-16 23:07:00,731389.9728406185,W,W
2026-05-16 23:08:00,2721.814347326537,W,S
2026-05-16 23:09:00,2755.295214932339,W,S
2026-05-16 23:10:00,2752.4559597714906,S,S
2026-05-16 23:11:00,2674.5325678103545,S,S
2026-05-16 23:12:00,167393.66199829415,S,W
2026-05-16 23:13:00,167386.72528802522,S,W
2026-05-16 23:14:00,57586.407771342405,S,W
2026-05-16 23:15:00,278155.36221854767,S,W
2026-05-16 23:16:00,58425.10357797765,S,W
2026-05-16 23:17:00,3245.448714405044,S,S
2026-05-16 23:18:00,3155.0398598660395,S,S
2026-05-16 23:19:00,2516.9771748736603,S,S
2026-05-16 23:20:00,58748.31508011832,S,W
2026-05-16 23:21:00,57394.28350841509,S,W
2026-05-16 23:22:00,2328.3634870020323,S,S
2026-05-16 23:23:00,2514.3778752129947,S,S
2026-05-16 23:24:00,2388.17698684724,S,S
2026-05-16 23:25:00,815696.3622477694,S,W
2026-05-16 23:26:00,1690.696161896165,S,S
2026-05-16 23:27:00,1513.490992877123,S,S
2026-05-16 23:28:00,58405.89248778565,S,W
2026-05-16 23:29:00,1974.4769698654852,S,S
2026-05-16 23:30:00,58101.69496116864,S,W
2026-05-16 23:31:00,2288.109924634104,S,S
2026-05-16 23:32:00,3311.280688254599,S,S
2026-05-16 23:33:00,2485.7586550292035,S,S
2026-05-16 23:34:00,3160.9396438724507,S,S
2026-05-16 23:35:00,3748.0194751544914,S,S
2026-05-16 23:36:00,58025.606595104575,S,W
2026-05-16 23:37:00,2401.838774823773,S,S
2026-05-16 23:38:00,2700.9835869973613,S,S
2026-05-16 23:39:00,2340.9208379014744,S,S
2026-05-16 23:40:00,113246.46533293776,S,W
2026-05-16 23:41:00,1856.739295629639,S,S
2026-05-16 23:42:00,1965.7401182862525,S,S
2026-05-16 23:43:00,2880.966687955981,S,S
2026-05-16 23:44:00,2438.882472937403,S,S
2026-05-16 23:45:00,2385.6396392289025,S,S
2026-05-16 23:46:00,2853.7452533794717,S,S
2026-05-16 23:47:00,2101.768979197048,S,S
2026-05-16 23:48:00,1951.10798731471,S,S
2026-05-16 23:49:00,2130.52740477123,S,S
2026-05-16 23:50:00,113698.64643759336,S,W
2026-05-16 23:51:00,2515.813134254291,S,S
2026-05-16 23:52:00,2678.28705401397,S,S
2026-05-16 23:53:00,2852.6363987625955,S,S
2026-05-16 23:54:00,3603.630187031391,S,S
2026-05-16 23:55:00,3157.587179690585,S,S
2026-05-16 23:56:00,3384.827753885489,S,S
2026-05-16 23:57:00,2109.4475927925087,S,S
2026-05-16 23:58:00,3247.0385052542406,S,S
2026-05-16 23:59:00,2332.611728851596,S,S
2026-05-17 00:00:00,2368.7074332843918,S,S
2026-05-17 00:01:00,2466.9323308903986,S,S
2026-05-17 00:02:00,2404.681903195553,S,S
2026-05-17 00:03:00,2413.203459126642,S,S
2026-05-17 00:04:00,2624.44229006274,S,S
2026-05-17 00:05:00,1157268.32057546,S,W
2026-05-17 00:06:00,1845.921352762307,S,S
2026-05-17 00:07:00,1795.404354596496,S,S
2026-05-17 00:08:00,1784.6769917511265,S,S
2026-05-17 00:09:00,28585.46171695803,S,W
2026-05-17 00:10:00,1982.2569518389791,S,S
2026-05-17 00:11:00,114640.38929229016,W,W
2026-05-17 00:12:00,1948.640633325529,S,S
2026-05-17 00:13:00,1997.8783168240043,S,S
2026-05-17 00:14:00,58438.77366306291,S,W
2026-05-17 00:15:00,197178.5745998838,W,W
2026-05-17 00:16:00,439340.8426675219,W,W
2026-05-17 00:17:00,1894.0771454375936,S,S
2026-05-17 00:18:00,2562.835668579341,S,S
2026-05-17 00:19:00,2482.9871275017067,S,S
2026-05-17 00:20:00,2241.726866791345,S,S
2026-05-17 00:21:00,2349.431073827538,S,S
2026-05-17 00:22:00,2357.03414971249,S,S
2026-05-17 00:23:00,2209.99341790739,W,S
2026-05-17 00:24:00,2588.932406504842,W,S
2026-05-17 00:25:00,4751458.500380639,W,W
2026-05-17 00:26:00,6452045.956349336,W,W
2026-05-17 00:27:00,3229.679158915773,W,S
2026-05-17 00:28:00,2984.6430711336725,W,S
2026-05-17 00:29:00,2603.9375755202277,W,S
2026-05-17 00:30:00,3448.7276735058404,W,S
2026-05-17 00:31:00,2477.2644800661365,S,S
2026-05-17 00:32:00,2489.7102483629205,S,S
2026-05-17 00:33:00,187290.25778169735,S,W
2026-05-17 00:34:00,1093526.8463740908,S,W
2026-05-17 00:35:00,4687940.982242837,S,W
2026-05-17 00:36:00,1748229.396815169,S,W
2026-05-17 00:37:00,2046.24433693623,S,S
2026-05-17 00:38:00,2154.0411209341983,S,S
2026-05-17 00:39:00,2207.710876284429,S,S
2026-05-17 00:40:00,2167.602755130152,S,S
2026-05-17 00:41:00,424250.9361958337,S,W
2026-05-17 00:42:00,2173.6837110640627,S,S
2026-05-17 00:43:00,2282.728350888501,S,S
2026-05-17 00:44:00,1847.2806141557085,S,S
2026-05-17 00:45:00,165697.60547113867,S,W
2026-05-17 00:46:00,2461.110424805928,S,S
2026-05-17 00:47:00,2565.8866228707047,S,S
2026-05-17 00:48:00,2482.8521521449584,S,S
2026-05-17 00:49:00,401263.38159422285,S,W
2026-05-17 00:50:00,86026.18872557119,S,W
2026-05-17 00:51:00,1621.90962136905,S,S
2026-05-17 00:52:00,1663.5099711871298,S,S
2026-05-17 00:53:00,1659.213478088248,S,S
2026-05-17 00:54:00,1720.583980366544,S,S
2026-05-17 00:55:00,1770.5024940859005,S,S
2026-05-17 00:56:00,331443.4217232233,S,W
2026-05-17 00:57:00,2038.7073021528631,S,S
2026-05-17 00:58:00,1999.7099033608392,S,S
2026-05-17 00:59:00,1930.294990002687,S,S
2026-05-17 01:00:00,1947.326782043805,S,S
2026-05-17 01:01:00,1941.151644070007,S,S
2026-05-17 01:02:00,1962.0083402588932,S,S
2026-05-17 01:03:00,1914.7591933286603,S,S
2026-05-17 01:04:00,1598402.6020793112,S,W
2026-05-17 01:05:00,2199.326295401326,S,S
2026-05-17 01:06:00,381291.8890047852,S,W
2026-05-17 01:07:00,440503.3688727564,S,W
2026-05-17 01:08:00,2735164.2169052446,S,W
2026-05-17 01:09:00,112826.00745705664,S,W
2026-05-17 01:10:00,1000195.8839785304,S,W
2026-05-17 01:11:00,4886.766168086455,S,S
2026-05-17 01:12:00,4186.17509114086,S,S
2026-05-17 01:13:00,3387.8202963577205,S,S
2026-05-17 01:14:00,3051.8353609607584,S,S
2026-05-17 01:15:00,3046.693977681789,S,S
2026-05-17 01:16:00,2201382.421720607,S,W
2026-05-17 01:17:00,1176781.8367670851,S,W
2026-05-17 01:18:00,2296.49029947204,S,S
2026-05-17 01:19:00,169834.69997621293,S,W
2026-05-17 01:20:00,1789.0741484111568,S,S
2026-05-17 01:21:00,56698.966941285005,S,W
2026-05-17 01:22:00,1106.7466276013583,S,S
2026-05-17 01:23:00,1339.4132959373164,S,S
2026-05-17 01:24:00,1352.1358082079605,S,S
2026-05-17 01:25:00,143527.3996540776,S,W
2026-05-17 01:26:00,2503.613904400306,S,S
2026-05-17 01:27:00,444949.9977495609,S,W
2026-05-17 01:28:00,3832.911522849666,S,S
2026-05-17 01:29:00,290802.1010210892,S,W
2026-05-17 01:30:00,1044.001952142462,S,S
2026-05-17 01:31:00,1349.785961701411,S,S
2026-05-17 01:32:00,1460.544545382305,S,S
2026-05-17 01:33:00,1567.9358327053633,S,S
2026-05-17 01:34:00,1597.7167030036726,S,S
2026-05-17 01:35:00,1481.9263557989398,S,S
2026-05-17 01:36:00,1739.9363590094435,S,S
2026-05-17 01:37:00,1742.3098594534677,S,S
2026-05-17 01:38:00,1714.6535937026783,S,S
2026-05-17 01:39:00,1824.3665705240928,S,S
2026-05-17 01:40:00,1880.480554978232,S,S
2026-05-17 01:41:00,276429.8662471076,S,W
2026-05-17 01:42:00,4330.641232502603,S,S
2026-05-17 01:43:00,918835.7732762066,S,W
2026-05-17 01:44:00,2764735.714358538,S,W
2026-05-17 01:45:00,5530.583546902402,S,S
2026-05-17 01:46:00,4151.163178453535,S,S
2026-05-17 01:47:00,3808.701912492317,S,S
2026-05-17 01:48:00,4107.819152441683,S,S
2026-05-17 01:49:00,3713.160549636472,S,S
2026-05-17 01:50:00,3956.587551190256,S,S
2026-05-17 01:51:00,2550681.021702901,S,W
2026-05-17 01:52:00,3220.790618649364,S,S
2026-05-17 01:53:00,3295.368886015727,S,S
2026-05-17 01:54:00,1103226.9303181064,S,W
2026-05-17 01:55:00,742767.3386348621,W,W
2026-05-17 01:56:00,1274.606130868371,S,S
2026-05-17 01:57:00,1428649.8683340903,W,W
2026-05-17 01:58:00,2748.7804286260944,S,S
2026-05-17 01:59:00,184952.67077576756,S,W
2026-05-17 02:00:00,2160.7311930864016,S,S
2026-05-17 02:01:00,214503.2078835633,S,W
2026-05-17 02:02:00,2272.081034859337,S,S
2026-05-17 02:03:00,614915.3635262201,S,W
2026-05-17 02:04:00,2012.4448987685028,S,S
2026-05-17 02:05:00,2947.806054953442,S,S
2026-05-17 02:06:00,1798.185673394546,S,S
2026-05-17 02:07:00,781361.9520705706,S,W
2026-05-17 02:08:00,99174.47546473924,S,W
2026-05-17 02:09:00,481982.1085540223,S,W
2026-05-17 02:10:00,809485.0174043878,S,W
2026-05-17 02:11:00,2340.5867069226515,S,S
2026-05-17 02:12:00,2901.443763410527,S,S
2026-05-17 02:13:00,2681.7802000174925,S,S
2026-05-17 02:14:00,674839.2071500304,S,W
2026-05-17 02:15:00,2703.1110555524065,S,S
2026-05-17 02:16:00,2531.0793427134195,S,S
2026-05-17 02:17:00,2248.239360274645,S,S
2026-05-17 02:18:00,2693.4764117647283,S,S
2026-05-17 02:19:00,3617128.4482660224,S,W
2026-05-17 02:20:00,1113.5154803340847,S,S
2026-05-17 02:21:00,832.8837023691667,S,S
2026-05-17 02:22:00,980.499905106466,S,S
2026-05-17 02:23:00,1084.2565690564734,S,S
2026-05-17 02:24:00,1123.0625457658823,S,S
2026-05-17 02:25:00,1114.6418969546355,S,S
2026-05-17 02:26:00,1190.0621475671069,S,S
2026-05-17 02:27:00,2830.073803522151,S,S
2026-05-17 02:28:00,2375.045920881996,S,S
2026-05-17 02:29:00,2553.3926332483825,S,S
2026-05-17 02:30:00,2518.7156049418336,S,S
2026-05-17 02:31:00,2320.956858945705,S,S
2026-05-17 02:32:00,2454.865139629539,S,S
2026-05-17 02:33:00,2535.601421424195,S,S
2026-05-17 02:34:00,57162.32482211887,S,W
2026-05-17 02:35:00,56571.82320501396,S,W
2026-05-17 02:36:00,1416.787011539207,S,S
2026-05-17 02:37:00,1364.9759897235126,S,S
2026-05-17 02:38:00,513529.298861481,S,W
2026-05-17 02:39:00,3139189.384878956,W,W
2026-05-17 02:40:00,1406198.1877724011,W,W
2026-05-17 02:41:00,533011.4367150759,W,W
2026-05-17 02:42:00,263002.8298268464,W,W
2026-05-17 02:43:00,1720.8519697500303,W,S
2026-05-17 02:44:00,2229.8195025337045,W,S
2026-05-17 02:45:00,2176.6583926516178,S,S
2026-05-17 02:46:00,47111.58581800432,S,W
2026-05-17 02:47:00,3156.1907844977977,S,S
2026-05-17 02:48:00,3172.844331985587,S,S
2026-05-17 02:49:00,3165.699298980544,S,S
2026-05-17 02:50:00,3086.4378483605838,S,S
2026-05-17 02:51:00,3037.929316276277,S,S
2026-05-17 02:52:00,2924.315755104326,S,S
2026-05-17 02:53:00,3060.5450047202467,S,S
2026-05-17 02:54:00,2856.258937042512,S,S
2026-05-17 02:55:00,2952.913744087171,S,S
2026-05-17 02:56:00,2733.013105594422,S,S
2026-05-17 02:57:00,2573.5162737531937,S,S
2026-05-17 02:58:00,44987.82681961176,S,W
2026-05-17 02:59:00,1736.5153047974743,S,S
2026-05-17 03:00:00,1700.579123047879,S,S
2026-05-17 03:01:00,1719.4740372756496,S,S
2026-05-17 03:02:00,101361.41269135124,S,W
2026-05-17 03:03:00,2418.637765292122,S,S
2026-05-17 03:04:00,2594.2291217883176,S,S
2026-05-17 03:05:00,2373.441397066242,S,S
2026-05-17 03:06:00,2475.907677614916,S,S
2026-05-17 03:07:00,2355.2120481408056,S,S
2026-05-17 03:08:00,2494.7623069619294,S,S
2026-05-17 03:09:00,2370.940051524056,S,S
2026-05-17 03:10:00,2321.089753163528,S,S
2026-05-17 03:11:00,2419.8613034991868,S,S
2026-05-17 03:12:00,2289.546606419026,S,S
2026-05-17 03:13:00,2566.919712109506,S,S
2026-05-17 03:14:00,2456.863133849736,S,S
2026-05-17 03:15:00,2367.7530159569287,S,S
2026-05-17 03:16:00,2319.7958686741185,S,S
2026-05-17 03:17:00,2273.340732433615,S,S
2026-05-17 03:18:00,2387.565317935747,S,S
2026-05-17 03:19:00,46203.40389467792,S,W
2026-05-17 03:20:00,2032.6809653169475,S,S
2026-05-17 03:21:00,1972.3443997270515,S,S
2026-05-17 03:22:00,1986.833600304657,S,S
2026-05-17 03:23:00,135165.09914585183,W,W
2026-05-17 03:24:00,3527.0941242864355,S,S
2026-05-17 03:25:00,3773.869619099656,S,S
2026-05-17 03:26:00,4453.699298899082,S,S
2026-05-17 03:27:00,4253.311931772332,S,S
2026-05-17 03:28:00,4562.0392972202535,S,S
2026-05-17 03:29:00,4796.335971978609,S,S
2026-05-17 03:30:00,114247.68767864184,S,W
2026-05-17 03:31:00,1695013.775050617,W,W
2026-05-17 03:32:00,2871.995351088888,S,S
2026-05-17 03:33:00,179306.76773439278,S,W
2026-05-17 03:34:00,1772.123796687185,S,S
2026-05-17 03:35:00,1835.866665989859,W,S
2026-05-17 03:36:00,210588.98542630204,S,W
2026-05-17 03:37:00,1974.656399563348,S,S
2026-05-17 03:38:00,57848.7547828214,S,W
2026-05-17 03:39:00,2302.715142594956,S,S
2026-05-17 03:40:00,452406.87974863127,S,W
2026-05-17 03:41:00,1918.6073301646536,S,S
2026-05-17 03:42:00,3102.2350060838216,S,S
2026-05-17 03:43:00,1233.4076083576365,S,S
2026-05-17 03:44:00,1265.7805818855704,S,S
2026-05-17 03:45:00,222636.71272563675,S,W
2026-05-17 03:46:00,2175.7734741295426,S,S
2026-05-17 03:47:00,1901.213091673635,S,S
2026-05-17 03:48:00,1651716.844401993,S,W
2026-05-17 03:49:00,2430.578599722852,S,S
2026-05-17 03:50:00,9075.365720539476,S,S
2026-05-17 03:51:00,2011.9672640285207,S,S
2026-05-17 03:52:00,1199.7899382011674,S,S
2026-05-17 03:53:00,274120.8036809236,W,W
2026-05-17 03:54:00,388978.7596073739,W,W
2026-05-17 03:55:00,2187655.002539271,W,W
2026-05-17 03:56:00,533320.1942724801,W,W
2026-05-17 03:57:00,1706.3452775417827,W,S
2026-05-17 03:58:00,1645.541503958113,W,S
2026-05-17 03:59:00,208910.3829715285,W,W
2026-05-17 04:00:00,1500.8369816578197,S,S
2026-05-17 04:01:00,1360.0707573312538,S,S
2026-05-17 04:02:00,1709.7207006132812,S,S
2026-05-17 04:03:00,1749.9695576696397,S,S
2026-05-17 04:04:00,85725.5829058192,S,W
2026-05-17 04:05:00,233280.8495046248,W,W
2026-05-17 04:06:00,4055.949687825225,S,S
2026-05-17 04:07:00,5312.990213260462,S,S
2026-05-17 04:08:00,5061.498451846637,S,S
2026-05-17 04:09:00,4224.392281996144,S,S
2026-05-17 04:10:00,4157.441729997125,S,S
2026-05-17 04:11:00,4534.919198614662,S,S
2026-05-17 04:12:00,3276.635272869011,S,S
2026-05-17 04:13:00,3414.031671864039,S,S
2026-05-17 04:14:00,3436.4062349726446,S,S
2026-05-17 04:15:00,3405.160510278438,S,S
2026-05-17 04:16:00,3385.840384187089,S,S
2026-05-17 04:17:00,3677.112364352725,S,S
2026-05-17 04:18:00,57978.25006805203,S,W
2026-05-17 04:19:00,2221.025127786372,S,S
2026-05-17 04:20:00,2240.473815243662,S,S
2026-05-17 04:21:00,2302.585036931472,S,S
2026-05-17 04:22:00,2249.955209142674,S,S
2026-05-17 04:23:00,2298.730694766389,S,S
2026-05-17 04:24:00,2468.711132688768,S,S
2026-05-17 04:25:00,2123.4581601597165,S,S
2026-05-17 04:26:00,2311.018629806713,S,S
2026-05-17 04:27:00,2409.724900834058,S,S
2026-05-17 04:28:00,2343.23122471018,S,S
2026-05-17 04:29:00,5055.863503745713,S,S
2026-05-17 04:30:00,1940.5896500506497,S,S
2026-05-17 04:31:00,2081.432648525792,S,S
2026-05-17 04:32:00,1984.0643986519424,S,S
2026-05-17 04:33:00,2067.08929045494,S,S
2026-05-17 04:34:00,2326.217483728062,S,S
2026-05-17 04:35:00,2381.5638942468067,S,S
2026-05-17 04:36:00,2586.371497490618,S,S
2026-05-17 04:37:00,2926.224086504415,S,S
2026-05-17 04:38:00,866841.3684575481,S,W
2026-05-17 04:39:00,2180.1679233410105,S,S
2026-05-17 04:40:00,2494.061202510493,S,S
2026-05-17 04:41:00,231927.93770973844,W,W
2026-05-17 04:42:00,398279.4663508257,W,W
2026-05-17 04:43:00,907496.0710405364,W,W
2026-05-17 04:44:00,3087.408777654724,W,S
2026-05-17 04:45:00,452869.30809344485,W,W
2026-05-17 04:46:00,1335.1721758464118,S,S
2026-05-17 04:47:00,58425.46281694155,W,W
2026-05-17 04:48:00,2379.832729935064,S,S
2026-05-17 04:49:00,1543.6183176666673,S,S
2026-05-17 04:50:00,1414.386583577172,S,S
2026-05-17 04:51:00,142231.32409311592,S,W
2026-05-17 04:52:00,1908.507599828496,S,S
2026-05-17 04:53:00,292794.68855592445,S,W
2026-05-17 04:54:00,3028.362568453056,S,S
2026-05-17 04:55:00,2762.8110750208143,S,S
2026-05-17 04:56:00,2765.701631443444,S,S
2026-05-17 04:57:00,2606.4939095842856,S,S
2026-05-17 04:58:00,2570.39468214284,S,S
2026-05-17 04:59:00,566986.1288634867,S,W
2026-05-17 05:00:00,1681.7039889760126,S,S
2026-05-17 05:01:00,1143.0879362862834,S,S
2026-05-17 05:02:00,1031.6184788214014,S,S
2026-05-17 05:03:00,55877.841851217454,S,W
2026-05-17 05:04:00,1262.7983662990591,S,S
2026-05-17 05:05:00,1075.2852176406086,S,S
2026-05-17 05:06:00,908.701269804682,S,S
2026-05-17 05:07:00,1534.7090685557414,S,S
2026-05-17 05:08:00,1632.8474243657693,S,S
2026-05-17 05:09:00,1596.139250142376,S,S
2026-05-17 05:10:00,1564.0229835772625,S,S
2026-05-17 05:11:00,1516.6236455666512,S,S
2026-05-17 05:12:00,1523.8930038377805,S,S
2026-05-17 05:13:00,1625.6256482229655,S,S
2026-05-17 05:14:00,1653.7296717791469,S,S
2026-05-17 05:15:00,799331.7709833932,S,W
2026-05-17 05:16:00,1488694.3413782124,S,W
2026-05-17 05:17:00,634017.8134859463,S,W
2026-05-17 05:18:00,4878.868877772431,S,S
2026-05-17 05:19:00,5473.798690677846,S,S
2026-05-17 05:20:00,2374.8786955657924,S,S
2026-05-17 05:21:00,2316.3192454503514,S,S
2026-05-17 05:22:00,2582.654816295122,S,S
2026-05-17 05:23:00,2506.530824186229,S,S
2026-05-17 05:24:00,2415.049037412231,S,S
2026-05-17 05:25:00,397573.9706435996,W,W
2026-05-17 05:26:00,1753542.2412349037,W,W
2026-05-17 05:27:00,4526004.419653006,W,W
2026-05-17 05:28:00,5169208.759655924,W,W
2026-05-17 05:29:00,2451.795772374753,W,S
2026-05-17 05:30:00,57579.97257058727,W,W
2026-05-17 05:31:00,2365.395667921286,W,S
2026-05-17 05:32:00,2491.088168358925,W,S
2026-05-17 05:33:00,2798.8164143276954,S,S
2026-05-17 05:34:00,2700.4698606943566,S,S
2026-05-17 05:35:00,112599.1347861762,S,W
2026-05-17 05:36:00,2608.5240805642825,S,S
2026-05-17 05:37:00,2614.1623331195296,S,S
2026-05-17 05:38:00,2388.148413804389,S,S
2026-05-17 05:39:00,2470.285790699621,S,S
2026-05-17 05:40:00,57648.14526850107,S,W
2026-05-17 05:41:00,87191.95304668945,S,W
2026-05-17 05:42:00,2390.743514265094,S,S
2026-05-17 05:43:00,36411.92614150997,S,W
2026-05-17 05:44:00,2405.3199239889,S,S
2026-05-17 05:45:00,2047.7901661205324,S,S
2026-05-17 05:46:00,1739.4357640894668,S,S
2026-05-17 05:47:00,1424.398169174965,S,S
2026-05-17 05:48:00,1292.1827721110676,W,S
2026-05-17 05:49:00,1499522.1727034964,W,W
2026-05-17 05:50:00,4431568.939631251,W,W
2026-05-17 05:51:00,1394.2879794368273,W,S
2026-05-17 05:52:00,1250.8222554803797,W,S
2026-05-17 05:53:00,1719.0918818069476,W,S
2026-05-17 05:54:00,1487.6720523104814,W,S
2026-05-17 05:55:00,1417.6280228502656,S,S
2026-05-17 05:56:00,862.6321190678937,S,S
2026-05-17 05:57:00,1846.2220651480677,S,S
2026-05-17 05:58:00,1065.3638184547965,S,S
2026-05-17 05:59:00,1010.3901783855908,S,S
2026-05-17 06:00:00,975.064849430244,S,S
2026-05-17 06:01:00,1049.375265030474,S,S
2026-05-17 06:02:00,976.3794506215708,S,S
2026-05-17 06:03:00,952.5332269840436,S,S
2026-05-17 06:04:00,1004.7474636075204,S,S
2026-05-17 06:05:00,971.245508247317,S,S
2026-05-17 06:06:00,957.4091370487876,S,S
2026-05-17 06:07:00,1034.3717696535823,S,S
2026-05-17 06:08:00,1335.0720302571062,S,S
2026-05-17 06:09:00,986.3291620373128,S,S
2026-05-17 06:10:00,952.9444126550223,S,S
2026-05-17 06:11:00,1182.268233994531,S,S
2026-05-17 06:12:00,951.1051141463612,S,S
2026-05-17 06:13:00,993.4912287010376,S,S
2026-05-17 06:14:00,930.5254624187072,S,S
2026-05-17 06:15:00,999.946735288264,S,S
2026-05-17 06:16:00,975.3357264482185,S,S
2026-05-17 06:17:00,960.6650225716368,S,S
2026-05-17 06:18:00,1043.9266171530544,S,S
2026-05-17 06:19:00,1028.8440563232143,S,S
2026-05-17 06:20:00,2296.921485530278,S,S
2026-05-17 06:21:00,1043.8242696484813,S,S
2026-05-17 06:22:00,1103.1445309708652,S,S
2026-05-17 06:23:00,1028.2156447719026,S,S
2026-05-17 06:24:00,387937.0151300692,S,W
2026-05-17 06:25:00,3971.9710215649393,S,S
2026-05-17 06:26:00,2495.352235458755,S,S
2026-05-17 06:27:00,2482.2553093905663,S,S
2026-05-17 06:28:00,2544.069831680797,S,S
2026-05-17 06:29:00,2442.2453219950185,S,S
2026-05-17 06:30:00,2620.1821968514632,S,S
2026-05-17 06:31:00,4076.337323036249,S,S
2026-05-17 06:32:00,1963.9141244170169,S,S
2026-05-17 06:33:00,2060.9850101849224,S,S
2026-05-17 06:34:00,2132.1669654624275,S,S
2026-05-17 06:35:00,2129.3830118189944,S,S
2026-05-17 06:36:00,2099.8000957910263,S,S
2026-05-17 06:37:00,2088.475928373104,S,S
2026-05-17 06:38:00,2201.2584391613927,S,S
2026-05-17 06:39:00,2232.2239073701057,S,S
2026-05-17 06:40:00,2241.4272787297523,S,S
2026-05-17 06:41:00,1522444.614956821,S,W
2026-05-17 06:42:00,2096.835817915351,S,S
2026-05-17 06:43:00,826728.149718225,S,W
2026-05-17 06:44:00,2896.5686681258944,S,S
2026-05-17 06:45:00,4632.599512659804,S,S
2026-05-17 06:46:00,5099.769010803717,S,S
2026-05-17 06:47:00,4671.834622037353,S,S
2026-05-17 06:48:00,2127925.966726581,W,W
2026-05-17 06:49:00,1836.7546556260927,S,S
2026-05-17 06:50:00,1607.3326568286866,S,S
2026-05-17 06:51:00,1670.9638372710033,S,S
2026-05-17 06:52:00,4255.458272534903,W,S
2026-05-17 06:53:00,136832.96152109787,S,W
2026-05-17 06:54:00,2483.992948385727,S,S
2026-05-17 06:55:00,2750.1685892152746,S,S
2026-05-17 06:56:00,543039.1806200774,S,W
2026-05-17 06:57:00,2788.829856070646,S,S
2026-05-17 06:58:00,7039.525352229277,S,S
2026-05-17 06:59:00,2557.8945764669625,S,S
2026-05-17 07:00:00,499537.43140316487,S,W
2026-05-17 07:01:00,3705.21394087738,S,S
2026-05-17 07:02:00,3792.7965932921934,S,S
2026-05-17 07:03:00,3521.0900937298866,S,S
2026-05-17 07:04:00,3298.6229639009107,S,S
2026-05-17 07:05:00,111272.74655025976,S,W
2026-05-17 07:06:00,3209.2325411108177,S,S
2026-05-17 07:07:00,89651.45738948717,S,W
2026-05-17 07:08:00,1789.7949630830844,S,S
2026-05-17 07:09:00,2072.6876019632327,S,S
2026-05-17 07:10:00,3351.486308190564,S,S
2026-05-17 07:11:00,1675.783406229399,S,S
2026-05-17 07:12:00,179577.35893508635,W,W
2026-05-17 07:13:00,2787.399272186114,S,S
2026-05-17 07:14:00,68977.01723987941,S,W
2026-05-17 07:15:00,88453.98301989997,S,W
2026-05-17 07:16:00,3469.667952456177,S,S
2026-05-17 07:17:00,3501.338934226558,S,S
2026-05-17 07:18:00,3539.5987267933087,S,S
2026-05-17 07:19:00,3666.036854816921,S,S
2026-05-17 07:20:00,3942.6806717638974,S,S
2026-05-17 07:21:00,129667.1027551062,S,W
2026-05-17 07:22:00,3051.774813594602,S,S
2026-05-17 07:23:00,2900.1768229397567,S,S
2026-05-17 07:24:00,3008.028859037964,S,S
2026-05-17 07:25:00,2995.7222108172427,S,S
2026-05-17 07:26:00,3080.3971815301484,S,S
2026-05-17 07:27:00,2709.746376330513,S,S
2026-05-17 07:28:00,2615.582526767452,S,S
2026-05-17 07:29:00,87565.96898886318,S,W
2026-05-17 07:30:00,2711.1573439736094,S,S
2026-05-17 07:31:00,2651.618666728871,S,S
2026-05-17 07:32:00,2672.5581229224044,S,S
2026-05-17 07:33:00,2733.1863554590964,S,S
2026-05-17 07:34:00,2680.222396011377,S,S
2026-05-17 07:35:00,3315.2336840988137,S,S
2026-05-17 07:36:00,2564.71479776784,S,S
2026-05-17 07:37:00,2672.205829726241,S,S
2026-05-17 07:38:00,2506.614360282896,S,S
2026-05-17 07:39:00,213017.07874159215,S,W
2026-05-17 07:40:00,2707.734603361197,S,S
2026-05-17 07:41:00,661641.4601002235,W,W
2026-05-17 07:42:00,1697317.6264540988,W,W
2026-05-17 07:43:00,4697067.216412861,W,W
2026-05-17 07:44:00,1554.3403957898772,W,S
2026-05-17 07:45:00,2615519.83752398,W,W
2026-05-17 07:46:00,2152375.7222905783,W,W
2026-05-17 07:47:00,193522.088250214,W,W
2026-05-17 07:48:00,336451.7107230848,S,W
2026-05-17 07:49:00,645480.5831701414,W,W
2026-05-17 07:50:00,146065.9047374936,W,W
2026-05-17 07:51:00,9210082.24972079,W,W
2026-05-17 07:52:00,3893761.925882053,W,W
2026-05-17 07:53:00,3423602.0421191924,W,W
2026-05-17 07:54:00,4859412.6941083865,W,W
2026-05-17 07:55:00,323828.861867769,W,W
2026-05-17 07:56:00,4206798.321241542,W,W
2026-05-17 07:57:00,3835896.325969959,W,W
2026-05-17 07:58:00,1615.3971499278196,W,S
2026-05-17 07:59:00,1512.1900459324024,W,S
2026-05-17 08:00:00,1533.0890887060525,W,S
2026-05-17 08:01:00,1469.8987958800865,W,S
2026-05-17 08:02:00,2469505.3462757883,W,W
2026-05-17 08:03:00,1576.428371972488,W,S
2026-05-17 08:04:00,1649.5432413997548,S,S
2026-05-17 08:05:00,1421.948914956537,S,S
2026-05-17 08:06:00,1608.4364043628132,W,S
2026-05-17 08:07:00,1236.561887490841,S,S
2026-05-17 08:08:00,1367.5586980829307,S,S
2026-05-17 08:09:00,1514.4881936470706,S,S
2026-05-17 08:10:00,1521.79136540882,S,S
2026-05-17 08:11:00,1336.5119305891126,S,S
2026-05-17 08:12:00,1254.2102919764666,S,S
2026-05-17 08:13:00,1257.6339022380594,S,S
2026-05-17 08:14:00,1503.282167054283,S,S
2026-05-17 08:15:00,1698.134905180474,S,S
2026-05-17 08:16:00,5787966.340818528,W,W
2026-05-17 08:17:00,3331085.859124736,W,W
2026-05-17 08:18:00,2861128.5549939824,W,W
2026-05-17 08:19:00,5061.0769870707445,W,S
2026-05-17 08:20:00,5341.502785674995,W,S
2026-05-17 08:21:00,1097608.9226785952,W,W
2026-05-17 08:22:00,1605771.6285750316,W,W
2026-05-17 08:23:00,3155552.89814038,W,W
2026-05-17 08:24:00,1832869.580930485,W,W
2026-05-17 08:25:00,696740.052509705,W,W
2026-05-17 08:26:00,380384.6696026833,W,W
2026-05-17 08:27:00,695693.9588177704,W,W
2026-05-17 08:28:00,926761.7020104274,W,W
2026-05-17 08:29:00,747279.990361107,W,W
2026-05-17 08:30:00,58122.18228140108,W,W
2026-05-17 08:31:00,10994.890945602572,W,W
2026-05-17 08:32:00,187733.6081701077,W,W
2026-05-17 08:33:00,14486.377304024269,W,W
2026-05-17 08:34:00,2466705.7190764365,W,W
2026-05-17 08:35:00,3572725.561643836,W,W
2026-05-17 08:36:00,4184258.2976663215,W,W
2026-05-17 08:37:00,523323.56518985913,W,W
2026-05-17 08:38:00,232231.97388100368,W,W
2026-05-17 08:39:00,1014236.3054154338,W,W
2026-05-17 08:40:00,288049.7294667887,W,W
2026-05-17 08:41:00,3261.603101964851,W,S
2026-05-17 08:42:00,3469.5973292926283,W,S
2026-05-17 08:43:00,2780655.831813632,W,W
2026-05-17 08:44:00,6164066.2915378045,W,W
2026-05-17 08:45:00,5752744.71674751,W,W
2026-05-17 08:46:00,1496664.6381435022,W,W
2026-05-17 08:47:00,2717417.7879557367,W,W
2026-05-17 08:48:00,6625.9165561677655,W,S
2026-05-17 08:49:00,2406650.34154239,W,W
2026-05-17 08:50:00,9356.848123816628,S,S
2026-05-17 08:51:00,7690.03882926263,S,S
2026-05-17 08:52:00,3682.512087237439,S,S
2026-05-17 08:53:00,4382.049982285054,S,S
2026-05-17 08:54:00,5283.794258968715,S,S
2026-05-17 08:55:00,32778.46636860477,S,W
2026-05-17 08:56:00,554411.130115855,S,W
2026-05-17 08:57:00,4645246.174225178,W,W
2026-05-17 08:58:00,2260324.2723679803,W,W
2026-05-17 08:59:00,3708712.424758639,W,W
2026-05-17 09:00:00,1634522.471101713,W,W
2026-05-17 09:01:00,108410.47827893564,W,W
2026-05-17 09:02:00,152871.12092720304,W,W
2026-05-17 09:03:00,1209378.2356387428,W,W
2026-05-17 09:04:00,10123.733108133223,W,W
2026-05-17 09:05:00,2311000.2652717256,W,W
2026-05-17 09:06:00,2622125.8904270423,W,W
2026-05-17 09:07:00,6006845.5474424325,W,W
2026-05-17 09:08:00,939859.137760753,W,W
2026-05-17 09:09:00,6535393.359158799,W,W
2026-05-17 09:10:00,3948144.083303092,W,W
2026-05-17 09:11:00,9792.97885803628,W,S
2026-05-17 09:12:00,7724.3006645424175,W,S
2026-05-17 09:13:00,6895.954846541979,W,S
2026-05-17 09:14:00,8251.568135207242,W,S
2026-05-17 09:15:00,10246.593499612163,S,W
2026-05-17 09:16:00,7875.580552391199,S,S
2026-05-17 09:17:00,401867.8248604815,S,W
2026-05-17 09:18:00,1744676.264733526,W,W
2026-05-17 09:19:00,1575330.582782123,W,W
2026-05-17 09:20:00,457940.03125971,W,W
2026-05-17 09:21:00,493766.85900225374,S,W
2026-05-17 09:22:00,8863.545796940249,W,S
2026-05-17 09:23:00,133655.85067650166,W,W
2026-05-17 09:24:00,974285.007757033,W,W
2026-05-17 09:25:00,300148.8012227612,W,W
2026-05-17 09:26:00,648487.1036285142,W,W
2026-05-17 09:27:00,189736.52416017017,W,W
2026-05-17 09:28:00,774711.280409855,W,W
2026-05-17 09:29:00,609958.3944793543,W,W
2026-05-17 09:30:00,387413.3117929825,W,W
2026-05-17 09:31:00,312810.9080625186,W,W
2026-05-17 09:32:00,1288166.894214522,W,W
2026-05-17 09:33:00,208877.01810427924,W,W
2026-05-17 09:34:00,105773.2756030794,W,W
2026-05-17 09:35:00,2346275.638124417,W,W
2026-05-17 09:36:00,1240996.418610915,W,W
2026-05-17 09:37:00,411634.2082152627,W,W
2026-05-17 09:38:00,4293561.0438791765,W,W
2026-05-17 09:39:00,7352810.039281986,W,W
2026-05-17 09:40:00,1288718.1845736604,W,W
2026-05-17 09:41:00,372052.0870896813,S,W
2026-05-17 09:42:00,171600.56213449064,W,W
2026-05-17 09:43:00,4171042.297582976,W,W
2026-05-17 09:44:00,413209.750442004,W,W
2026-05-17 09:45:00,373148.12311117,W,W
2026-05-17 09:46:00,69224.63191072106,W,W
2026-05-17 09:47:00,15749.273265227952,W,W
2026-05-17 09:48:00,599630.6014090754,W,W
2026-05-17 09:49:00,11281.662662020972,W,W
2026-05-17 09:50:00,120075.13795490624,S,W
2026-05-17 09:51:00,559986.1375260884,S,W
2026-05-17 09:52:00,673961.7361166058,W,W
2026-05-17 09:53:00,214330.0325903152,W,W
2026-05-17 09:54:00,4197178.155783021,W,W
2026-05-17 09:55:00,2648906.7643364626,W,W
2026-05-17 09:56:00,1642900.172658635,W,W
2026-05-17 09:57:00,5363948.377124061,W,W
2026-05-17 09:58:00,4892667.352055968,W,W
2026-05-17 09:59:00,4544408.869103814,W,W
